Age Group,State,Sex,Insured Count,Population,Pct Insured
0–4,NSW,Males,"94,794",247641,38.28
0–4,NSW,Females,"88,607",233512,37.95
5–9,NSW,Males,"121,637",259556,46.86
5–9,NSW,Females,"114,466",244136,46.89
10–14,NSW,Males,"129,244",264238,48.91
10–14,NSW,Females,"121,747",249245,48.85
15–19,NSW,Males,"119,950",248520,48.27
15–19,NSW,Females,"112,872",230621,48.94
20–24,NSW,Males,"89,552",268583,33.34
20–24,NSW,Females,"89,714",245648,36.52
25–29,NSW,Males,"69,156",288137,24.00
25–29,NSW,Females,"81,132",280022,28.97
30–34,NSW,Males,"109,181",297359,36.72
30–34,NSW,Females,"130,799",301949,43.32
35–39,NSW,Males,"136,409",293694,46.45
35–39,NSW,Females,"154,473",296218,52.15
40–44,NSW,Males,"138,216",264994,52.16
40–44,NSW,Females,"148,106",269969,54.86
45–49,NSW,Males,"129,384",251387,51.47
45–49,NSW,Females,"137,824",256094,53.82
50–54,NSW,Males,"127,715",250424,51.00
50–54,NSW,Females,"139,676",259185,53.89
55–59,NSW,Males,"117,181",236887,49.47
55–59,NSW,Females,"126,969",243643,52.11
60–64,NSW,Males,"118,806",230895,51.45
60–64,NSW,Females,"129,749",243459,53.29
65–69,NSW,Males,"107,028",199704,53.59
65–69,NSW,Females,"118,575",214853,55.19
70–74,NSW,Males,"94,504",175443,53.87
70–74,NSW,Females,"104,964",187843,55.88
75–79,NSW,Males,"75,205",134931,55.74
75–79,NSW,Females,"84,462",145833,57.92
80–84,NSW,Males,"45,833",84567,54.20
80–84,NSW,Females,"51,757",99388,52.08
85–89,NSW,Males,"24,226",47017,51.53
85–89,NSW,Females,"30,495",64273,47.45
90–94,NSW,Males,"9,858",20174,48.86
90–94,NSW,Females,"14,430",34472,41.86
95+,NSW,Males,"1,962",5056,38.81
95+,NSW,Females,"4,036",12528,32.22
0–4,VIC,Males,66752,196859,33.91
0–4,VIC,Females,63335,188333,33.63
5–9,VIC,Males,85539,209490,40.83
5–9,VIC,Females,80607,198210,40.67
10–14,VIC,Males,89853,206425,43.53
10–14,VIC,Females,84982,195953,43.37
15–19,VIC,Males,84478,195358,43.24
15–19,VIC,Females,80690,184742,43.68
20–24,VIC,Males,62704,218256,28.73
20–24,VIC,Females,63047,204568,30.82
25–29,VIC,Males,48687,245463,19.83
25–29,VIC,Females,56943,238562,23.87
30–34,VIC,Males,82859,251377,32.96
30–34,VIC,Females,99159,259944,38.15
35–39,VIC,Males,102502,249326,41.11
35–39,VIC,Females,116885,253277,46.15
40–44,VIC,Males,101243,218636,46.31
40–44,VIC,Females,109983,223608,49.19
45–49,VIC,Males,93849,202913,46.25
45–49,VIC,Females,101291,208820,48.51
50–54,VIC,Males,96085,203941,47.11
50–54,VIC,Females,106739,214487,49.76
55–59,VIC,Males,88332,185857,47.53
55–59,VIC,Females,96745,195396,49.51
60–64,VIC,Males,88552,176800,50.09
60–64,VIC,Females,97338,189525,51.36
65–69,VIC,Males,80224,152761,52.52
65–69,VIC,Females,89533,167354,53.50
70–74,VIC,Males,70323,132317,53.15
70–74,VIC,Females,80672,147113,54.84
75–79,VIC,Males,55728,101137,55.10
75–79,VIC,Females,64059,112802,56.79
80–84,VIC,Males,34657,65261,53.11
80–84,VIC,Females,40342,78002,51.72
85–89,VIC,Males,18618,36398,51.15
85–89,VIC,Females,24560,50383,48.75
90–94,VIC,Males,7750,15367,50.43
90–94,VIC,Females,12267,26805,45.76
95+,VIC,Males,1690,3973,42.54
95+,VIC,Females,3556,9433,37.70
0–4,QLD,Males,"49,756",157476,31.60
0–4,QLD,Females,"46,408",148174,31.32
5–9,QLD,Males,"67,427",172395,39.11
5–9,QLD,Females,"63,274",162576,38.92
10–14,QLD,Males,"75,323",181761,41.44
10–14,QLD,Females,"71,198",172240,41.34
15–19,QLD,Males,"72,759",169691,42.88
15–19,QLD,Females,"68,608",160857,42.65
20–24,QLD,Males,"50,670",171376,29.57
20–24,QLD,Females,"52,648",165738,31.77
25–29,QLD,Males,"35,047",180447,19.42
25–29,QLD,Females,"43,851",179641,24.41
30–34,QLD,Males,"55,221",182321,30.29
30–34,QLD,Females,"67,487",188165,35.87
35–39,QLD,Males,"71,225",181687,39.20
35–39,QLD,Females,"82,457",188482,43.75
40–44,QLD,Males,"74,754",167481,44.63
40–44,QLD,Females,"82,515",175714,46.96
45–49,QLD,Males,"74,299",166786,44.55
45–49,QLD,Females,"81,165",172411,47.08
50–54,QLD,Males,"77,990",169793,45.93
50–54,QLD,Females,"85,178",175682,48.48
55–59,QLD,Males,"70,934",155889,45.50
55–59,QLD,Females,"77,227",162131,47.63
60–64,QLD,Males,"71,514",149354,47.88
60–64,QLD,Females,"78,506",157755,49.76
65–69,QLD,Males,"64,019",129482,49.44
65–69,QLD,Females,"71,407",137378,51.98
70–74,QLD,Males,"57,178",115753,49.40
70–74,QLD,Females,"64,693",121802,53.11
75–79,QLD,Males,"44,678",87740,50.92
75–79,QLD,Females,"50,922",92834,54.85
80–84,QLD,Males,"26,717",51884,51.49
80–84,QLD,Females,"31,005",58791,52.74
85–89,QLD,Males,"13,532",26278,51.50
85–89,QLD,Females,"17,736",35154,50.45
90–94,QLD,Males,"5,322",10601,50.20
90–94,QLD,Females,"8,048",18215,44.18
95+,QLD,Males,984,2588,38.02
95+,QLD,Females,"2,169",6382,33.99
0–4,SA,Males,"17,590",49967,35.20
0–4,SA,Females,"16,331",47591,34.32
5–9,SA,Males,"22,471",53926,41.67
5–9,SA,Females,"20,922",51293,40.79
10–14,SA,Males,"23,953",55678,43.02
10–14,SA,Females,"22,505",53038,42.43
15–19,SA,Males,"23,039",53389,43.15
15–19,SA,Females,"22,110",50481,43.80
20–24,SA,Males,"19,117",58537,32.66
20–24,SA,Females,"19,211",54102,35.51
25–29,SA,Males,"15,097",62973,23.97
25–29,SA,Females,"17,407",60434,28.80
30–34,SA,Males,"20,972",61771,33.95
30–34,SA,Females,"24,154",61915,39.01
35–39,SA,Males,"24,600",61364,40.09
35–39,SA,Females,"28,209",62221,45.34
40–44,SA,Males,"24,348",54676,44.53
40–44,SA,Females,"27,319",56238,48.58
45–49,SA,Males,"23,926",54031,44.28
45–49,SA,Females,"25,889",54636,47.38
50–54,SA,Males,"26,198",58026,45.15
50–54,SA,Females,"29,006",59160,49.03
55–59,SA,Males,"25,751",55844,46.11
55–59,SA,Females,"28,937",57911,49.97
60–64,SA,Males,"28,053",55561,50.49
60–64,SA,Females,"31,502",58900,53.48
65–69,SA,Males,"27,152",49197,55.19
65–69,SA,Females,"31,124",53502,58.17
70–74,SA,Males,"25,311",44072,57.43
70–74,SA,Females,"29,318",48658,60.25
75–79,SA,Males,"20,588",33848,60.82
75–79,SA,Females,"23,676",37905,62.46
80–84,SA,Males,"12,252",20912,58.59
80–84,SA,Females,"14,461",25539,56.62
85–89,SA,Males,"6,604",11986,55.10
85–89,SA,Females,"8,592",16379,52.46
90–94,SA,Males,"2,786",5249,53.08
90–94,SA,Females,"4,255",9117,46.67
95+,SA,Males,579,1455,39.79
95+,SA,Females,"1,302",3487,37.34
0–4,WA,Males,40362,87387,46.19
0–4,WA,Females,37452,82500,45.40
5–9,WA,Males,51713,93329,55.41
5–9,WA,Females,48228,87732,54.97
10–14,WA,Males,52396,92950,56.37
10–14,WA,Females,49753,87820,56.65
15–19,WA,Males,48416,85253,56.79
15–19,WA,Females,46089,80129,57.52
20–24,WA,Males,38349,86749,44.21
20–24,WA,Females,38841,80586,48.20
25–29,WA,Males,31802,95609,33.26
25–29,WA,Females,35285,92377,38.20
30–34,WA,Males,47142,102882,45.82
30–34,WA,Females,53375,103741,51.45
35–39,WA,Males,58903,106966,55.07
35–39,WA,Females,62863,106158,59.22
40–44,WA,Males,56877,95063,59.83
40–44,WA,Females,58835,94898,62.00
45–49,WA,Males,52524,89360,58.78
45–49,WA,Females,53710,88302,60.83
50–54,WA,Males,54641,92066,59.35
50–54,WA,Females,55663,90591,61.44
55–59,WA,Males,48864,83712,58.37
55–59,WA,Females,50306,83525,60.23
60–64,WA,Males,46546,77354,60.17
60–64,WA,Females,48453,79888,60.65
65–69,WA,Males,39956,65755,60.76
65–69,WA,Females,43015,70157,61.31
70–74,WA,Males,33796,57014,59.28
70–74,WA,Females,36767,59997,61.28
75–79,WA,Males,24996,41664,59.99
75–79,WA,Females,27198,43959,61.87
80–84,WA,Males,15071,26018,57.93
80–84,WA,Females,17094,30011,56.96
85–89,WA,Males,7717,13758,56.09
85–89,WA,Females,10010,18674,53.60
90–94,WA,Males,3054,5705,53.53
90–94,WA,Females,4554,9601,47.43
95+,WA,Males,589,1451,40.59
95+,WA,Females,1240,3243,38.24
0–4,TAS,Males,4393,15148,29.00
0–4,TAS,Females,4112,14219,28.92
5–9,TAS,Males,5894,16356,36.04
5–9,TAS,Females,5542,15463,35.84
10–14,TAS,Males,6537,17574,37.20
10–14,TAS,Females,6164,16375,37.64
15–19,TAS,Males,6625,16357,40.50
15–19,TAS,Females,6322,15190,41.62
20–24,TAS,Males,5184,16227,31.95
20–24,TAS,Females,5318,15033,35.38
25–29,TAS,Males,3476,20533,16.93
25–29,TAS,Females,4294,19492,22.03
30–34,TAS,Males,5285,20413,25.89
30–34,TAS,Females,6629,20015,33.12
35–39,TAS,Males,6342,18113,35.01
35–39,TAS,Females,7436,18172,40.92
40–44,TAS,Males,6360,15865,40.09
40–44,TAS,Females,7348,16866,43.57
45–49,TAS,Males,6384,16091,39.67
45–49,TAS,Females,7477,16724,44.71
50–54,TAS,Males,7549,18002,41.93
50–54,TAS,Females,8892,18913,47.02
55–59,TAS,Males,7739,17718,43.68
55–59,TAS,Females,9180,18852,48.70
60–64,TAS,Males,9383,19164,48.96
60–64,TAS,Females,10885,20136,54.06
65–69,TAS,Males,9057,17207,52.64
65–69,TAS,Females,10141,18176,55.79
70–74,TAS,Males,8220,15450,53.20
70–74,TAS,Females,9341,16207,57.64
75–79,TAS,Males,6403,11537,55.50
75–79,TAS,Females,7302,12283,59.45
80–84,TAS,Males,3878,7073,54.83
80–84,TAS,Females,4372,7999,54.66
85–89,TAS,Males,1923,3583,53.67
85–89,TAS,Females,2559,4870,52.55
90–94,TAS,Males,739,1423,51.93
90–94,TAS,Females,1119,2401,46.61
95+,TAS,Males,121,308,39.29
95+,TAS,Females,279,772,36.14
0–4,ACT,Males,6186,13716,45.10
0–4,ACT,Females,5748,12994,44.24
5–9,ACT,Males,8747,14935,58.57
5–9,ACT,Females,8188,14175,57.76
10–14,ACT,Males,8957,14201,63.07
10–14,ACT,Females,8424,13475,62.52
15–19,ACT,Males,7796,14078,55.38
15–19,ACT,Females,7436,13509,55.04
20–24,ACT,Males,5407,18122,29.84
20–24,ACT,Females,5628,18016,31.24
25–29,ACT,Males,4693,20502,22.89
25–29,ACT,Females,5946,20253,29.36
30–34,ACT,Males,7866,19750,39.83
30–34,ACT,Females,9440,19964,47.29
35–39,ACT,Males,9677,18678,51.81
35–39,ACT,Females,11359,18832,60.32
40–44,ACT,Males,9822,16338,60.12
40–44,ACT,Females,10945,16593,65.96
45–49,ACT,Males,8606,14364,59.91
45–49,ACT,Females,9495,14534,65.33
50–54,ACT,Males,8377,13544,61.85
50–54,ACT,Females,9325,13754,67.80
55–59,ACT,Males,7200,11436,62.96
55–59,ACT,Females,7796,11958,65.19
60–64,ACT,Males,6755,10174,66.39
60–64,ACT,Females,7425,11182,66.40
65–69,ACT,Males,5723,8426,67.92
65–69,ACT,Females,6375,9682,65.84
70–74,ACT,Males,5151,7593,67.84
70–74,ACT,Females,6019,8959,67.18
75–79,ACT,Males,3796,5750,66.02
75–79,ACT,Females,4578,6701,68.32
80–84,ACT,Males,2156,3455,62.40
80–84,ACT,Females,2633,4334,60.75
85–89,ACT,Males,1093,1840,59.40
85–89,ACT,Females,1422,2681,53.04
90–94,ACT,Males,461,824,55.95
90–94,ACT,Females,594,1266,46.92
95+,ACT,Males,97,208,46.63
95+,ACT,Females,168,466,36.05
0–4,NT,Males,2804,9111,30.78
0–4,NT,Females,2618,8571,30.54
5–9,NT,Males,3558,9284,38.32
5–9,NT,Females,3445,8874,38.82
10–14,NT,Males,3671,9013,40.73
10–14,NT,Females,3416,8366,40.83
15–19,NT,Males,3218,8035,40.05
15–19,NT,Females,3097,7391,41.90
20–24,NT,Males,2243,9581,23.41
20–24,NT,Females,2404,8012,30.00
25–29,NT,Males,2100,11562,18.16
25–29,NT,Females,2773,11726,23.65
30–34,NT,Males,3509,12158,28.86
30–34,NT,Females,4299,12197,35.25
35–39,NT,Males,4180,10749,38.89
35–39,NT,Females,4794,10665,44.95
40–44,NT,Males,3853,8833,43.62
40–44,NT,Females,4290,9029,47.51
45–49,NT,Males,3534,8116,43.54
45–49,NT,Females,3742,7761,48.22
50–54,NT,Males,3624,8018,45.20
50–54,NT,Females,3795,7830,48.47
55–59,NT,Males,3310,7034,47.06
55–59,NT,Females,3313,6713,49.35
60–64,NT,Males,3091,6066,50.96
60–64,NT,Females,3062,5860,52.25
65–69,NT,Males,2343,4623,50.68
65–69,NT,Females,2246,4358,51.54
70–74,NT,Males,1615,3353,48.17
70–74,NT,Females,1605,3041,52.78
75–79,NT,Males,1009,1994,50.60
75–79,NT,Females,977,1783,54.80
80–84,NT,Males,520,1062,48.96
80–84,NT,Females,466,1067,43.67
85–89,NT,Males,162,371,43.67
85–89,NT,Females,186,449,41.43
90–94,NT,Males,44,135,32.59
90–94,NT,Females,62,210,29.52
95+,NT,Males,7,36,19.44
95+,NT,Females,18,63,28.57