LGA code,LGA name (a),2022 (no.),,,,,,,,,,,,,,,,,,,,,,,,,,,,,,,,,
10050,Albury,56665,,,,,,,,,,,,,,,,,,,,,,,,,,,,,,,,,
10180,Armidale,29361,,,,,,,,,,,,,,,,,,,,,,,,,,,,,,,,,
10250,Ballina,46849,,,,,,,,,,,,,,,,,,,,,,,,,,,,,,,,,
10300,Balranald,2210,,,,,,,,,,,,,,,,,,,,,,,,,,,,,,,,,
10470,Bathurst,44110,,,,,,,,,,,,,,,,,,,,,,,,,,,,,,,,,
10500,Bayside (NSW),177992,,,,,,,,,,,,,,,,,,,,,,,,,,,,,,,,,
10550,Bega Valley,35985,,,,,,,,,,,,,,,,,,,,,,,,,,,,,,,,,
10600,Bellingen,13261,,,,,,,,,,,,,,,,,,,,,,,,,,,,,,,,,
10650,Berrigan,8652,,,,,,,,,,,,,,,,,,,,,,,,,,,,,,,,,
10750,Blacktown,410944,,,,,,,,,,,,,,,,,,,,,,,,,,,,,,,,,
10800,Bland,5493,,,,,,,,,,,,,,,,,,,,,,,,,,,,,,,,,
10850,Blayney,7590,,,,,,,,,,,,,,,,,,,,,,,,,,,,,,,,,
10900,Blue Mountains,77913,,,,,,,,,,,,,,,,,,,,,,,,,,,,,,,,,
10950,Bogan,2454,,,,,,,,,,,,,,,,,,,,,,,,,,,,,,,,,
11150,Bourke,2348,,,,,,,,,,,,,,,,,,,,,,,,,,,,,,,,,
11200,Brewarrina,1431,,,,,,,,,,,,,,,,,,,,,,,,,,,,,,,,,
11250,Broken Hill,17567,,,,,,,,,,,,,,,,,,,,,,,,,,,,,,,,,
11300,Burwood,40850,,,,,,,,,,,,,,,,,,,,,,,,,,,,,,,,,
11350,Byron,36514,,,,,,,,,,,,,,,,,,,,,,,,,,,,,,,,,
11400,Cabonne,13843,,,,,,,,,,,,,,,,,,,,,,,,,,,,,,,,,
11450,Camden,127808,,,,,,,,,,,,,,,,,,,,,,,,,,,,,,,,,
11500,Campbelltown (NSW),180377,,,,,,,,,,,,,,,,,,,,,,,,,,,,,,,,,
11520,Canada Bay,89236,,,,,,,,,,,,,,,,,,,,,,,,,,,,,,,,,
11570,Canterbury-Bankstown,372119,,,,,,,,,,,,,,,,,,,,,,,,,,,,,,,,,
11600,Carrathool,2829,,,,,,,,,,,,,,,,,,,,,,,,,,,,,,,,,
11650,Central Coast (NSW),349158,,,,,,,,,,,,,,,,,,,,,,,,,,,,,,,,,
11700,Central Darling,1749,,,,,,,,,,,,,,,,,,,,,,,,,,,,,,,,,
11720,Cessnock,65875,,,,,,,,,,,,,,,,,,,,,,,,,,,,,,,,,
11730,Clarence Valley,54659,,,,,,,,,,,,,,,,,,,,,,,,,,,,,,,,,
11750,Cobar,4046,,,,,,,,,,,,,,,,,,,,,,,,,,,,,,,,,
11800,Coffs Harbour,79725,,,,,,,,,,,,,,,,,,,,,,,,,,,,,,,,,
12000,Coolamon,4465,,,,,,,,,,,,,,,,,,,,,,,,,,,,,,,,,
12150,Coonamble,3825,,,,,,,,,,,,,,,,,,,,,,,,,,,,,,,,,
12160,Cootamundra-Gundagai,11403,,,,,,,,,,,,,,,,,,,,,,,,,,,,,,,,,
12350,Cowra,12703,,,,,,,,,,,,,,,,,,,,,,,,,,,,,,,,,
12380,Cumberland,237481,,,,,,,,,,,,,,,,,,,,,,,,,,,,,,,,,
12390,Dubbo,55893,,,,,,,,,,,,,,,,,,,,,,,,,,,,,,,,,
12700,Dungog,9721,,,,,,,,,,,,,,,,,,,,,,,,,,,,,,,,,
12730,Edward River,8456,,,,,,,,,,,,,,,,,,,,,,,,,,,,,,,,,
12750,Eurobodalla,40752,,,,,,,,,,,,,,,,,,,,,,,,,,,,,,,,,
12850,Fairfield,206830,,,,,,,,,,,,,,,,,,,,,,,,,,,,,,,,,
12870,Federation,12852,,,,,,,,,,,,,,,,,,,,,,,,,,,,,,,,,
12900,Forbes,9338,,,,,,,,,,,,,,,,,,,,,,,,,,,,,,,,,
12930,Georges River,153267,,,,,,,,,,,,,,,,,,,,,,,,,,,,,,,,,
12950,Gilgandra,4298,,,,,,,,,,,,,,,,,,,,,,,,,,,,,,,,,
13010,Glen Innes Severn,8944,,,,,,,,,,,,,,,,,,,,,,,,,,,,,,,,,
13310,Goulburn Mulwaree,32428,,,,,,,,,,,,,,,,,,,,,,,,,,,,,,,,,
13340,Greater Hume,11266,,,,,,,,,,,,,,,,,,,,,,,,,,,,,,,,,
13450,Griffith,27015,,,,,,,,,,,,,,,,,,,,,,,,,,,,,,,,,
13550,Gunnedah,13143,,,,,,,,,,,,,,,,,,,,,,,,,,,,,,,,,
13660,Gwydir,4923,,,,,,,,,,,,,,,,,,,,,,,,,,,,,,,,,
13800,Hawkesbury,67862,,,,,,,,,,,,,,,,,,,,,,,,,,,,,,,,,
13850,Hay,2834,,,,,,,,,,,,,,,,,,,,,,,,,,,,,,,,,
13910,Hilltops,19238,,,,,,,,,,,,,,,,,,,,,,,,,,,,,,,,,
14000,Hornsby,151771,,,,,,,,,,,,,,,,,,,,,,,,,,,,,,,,,
14100,Hunters Hill,13924,,,,,,,,,,,,,,,,,,,,,,,,,,,,,,,,,
14170,Inner West,183153,,,,,,,,,,,,,,,,,,,,,,,,,,,,,,,,,
14220,Inverell,17965,,,,,,,,,,,,,,,,,,,,,,,,,,,,,,,,,
14300,Junee,6465,,,,,,,,,,,,,,,,,,,,,,,,,,,,,,,,,
14350,Kempsey,31178,,,,,,,,,,,,,,,,,,,,,,,,,,,,,,,,,
14400,Kiama,22964,,,,,,,,,,,,,,,,,,,,,,,,,,,,,,,,,
14500,Ku-ring-gai,124205,,,,,,,,,,,,,,,,,,,,,,,,,,,,,,,,,
14550,Kyogle,9452,,,,,,,,,,,,,,,,,,,,,,,,,,,,,,,,,
14600,Lachlan,6138,,,,,,,,,,,,,,,,,,,,,,,,,,,,,,,,,
14650,Lake Macquarie,216594,,,,,,,,,,,,,,,,,,,,,,,,,,,,,,,,,
14700,Lane Cove,40088,,,,,,,,,,,,,,,,,,,,,,,,,,,,,,,,,
14750,Leeton,11454,,,,,,,,,,,,,,,,,,,,,,,,,,,,,,,,,
14850,Lismore,44274,,,,,,,,,,,,,,,,,,,,,,,,,,,,,,,,,
14870,Lithgow,20811,,,,,,,,,,,,,,,,,,,,,,,,,,,,,,,,,
14900,Liverpool,239774,,,,,,,,,,,,,,,,,,,,,,,,,,,,,,,,,
14920,Liverpool Plains,7659,,,,,,,,,,,,,,,,,,,,,,,,,,,,,,,,,
14950,Lockhart,3370,,,,,,,,,,,,,,,,,,,,,,,,,,,,,,,,,
15050,Maitland,93614,,,,,,,,,,,,,,,,,,,,,,,,,,,,,,,,,
15240,Mid-Coast,97227,,,,,,,,,,,,,,,,,,,,,,,,,,,,,,,,,
15270,Mid-Western,25795,,,,,,,,,,,,,,,,,,,,,,,,,,,,,,,,,
15300,Moree Plains,12868,,,,,,,,,,,,,,,,,,,,,,,,,,,,,,,,,
15350,Mosman,28132,,,,,,,,,,,,,,,,,,,,,,,,,,,,,,,,,
15520,Murray River,13014,,,,,,,,,,,,,,,,,,,,,,,,,,,,,,,,,
15560,Murrumbidgee,3566,,,,,,,,,,,,,,,,,,,,,,,,,,,,,,,,,
15650,Muswellbrook,16540,,,,,,,,,,,,,,,,,,,,,,,,,,,,,,,,,
15700,Nambucca Valley,20607,,,,,,,,,,,,,,,,,,,,,,,,,,,,,,,,,
15750,Narrabri,12720,,,,,,,,,,,,,,,,,,,,,,,,,,,,,,,,,
15800,Narrandera,5720,,,,,,,,,,,,,,,,,,,,,,,,,,,,,,,,,
15850,Narromine,6429,,,,,,,,,,,,,,,,,,,,,,,,,,,,,,,,,
15900,Newcastle,171535,,,,,,,,,,,,,,,,,,,,,,,,,,,,,,,,,
15950,North Sydney,69373,,,,,,,,,,,,,,,,,,,,,,,,,,,,,,,,,
15990,Northern Beaches,263340,,,,,,,,,,,,,,,,,,,,,,,,,,,,,,,,,
16100,Oberon,5596,,,,,,,,,,,,,,,,,,,,,,,,,,,,,,,,,
16150,Orange,43964,,,,,,,,,,,,,,,,,,,,,,,,,,,,,,,,,
16200,Parkes,14346,,,,,,,,,,,,,,,,,,,,,,,,,,,,,,,,,
16260,Parramatta,260472,,,,,,,,,,,,,,,,,,,,,,,,,,,,,,,,,
16350,Penrith,220915,,,,,,,,,,,,,,,,,,,,,,,,,,,,,,,,,
16380,Port Macquarie-Hastings,88305,,,,,,,,,,,,,,,,,,,,,,,,,,,,,,,,,
16400,Port Stephens,76669,,,,,,,,,,,,,,,,,,,,,,,,,,,,,,,,,
16490,Queanbeyan-Palerang,64236,,,,,,,,,,,,,,,,,,,,,,,,,,,,,,,,,
16550,Randwick,135750,,,,,,,,,,,,,,,,,,,,,,,,,,,,,,,,,
16610,Richmond Valley,23700,,,,,,,,,,,,,,,,,,,,,,,,,,,,,,,,,
16700,Ryde,131168,,,,,,,,,,,,,,,,,,,,,,,,,,,,,,,,,
16900,Shellharbour,78330,,,,,,,,,,,,,,,,,,,,,,,,,,,,,,,,,
16950,Shoalhaven,109604,,,,,,,,,,,,,,,,,,,,,,,,,,,,,,,,,
17000,Singleton,25093,,,,,,,,,,,,,,,,,,,,,,,,,,,,,,,,,
17040,Snowy Monaro,21823,,,,,,,,,,,,,,,,,,,,,,,,,,,,,,,,,
17080,Snowy Valleys,14936,,,,,,,,,,,,,,,,,,,,,,,,,,,,,,,,,
17100,Strathfield,46250,,,,,,,,,,,,,,,,,,,,,,,,,,,,,,,,,
17150,Sutherland,231845,,,,,,,,,,,,,,,,,,,,,,,,,,,,,,,,,
17200,Sydney,218275,,,,,,,,,,,,,,,,,,,,,,,,,,,,,,,,,
17310,Tamworth,64520,,,,,,,,,,,,,,,,,,,,,,,,,,,,,,,,,
17350,Temora,5995,,,,,,,,,,,,,,,,,,,,,,,,,,,,,,,,,
17400,Tenterfield,6878,,,,,,,,,,,,,,,,,,,,,,,,,,,,,,,,,
17420,The Hills,199269,,,,,,,,,,,,,,,,,,,,,,,,,,,,,,,,,
17550,Tweed,97966,,,,,,,,,,,,,,,,,,,,,,,,,,,,,,,,,
17620,Upper Hunter,14291,,,,,,,,,,,,,,,,,,,,,,,,,,,,,,,,,
17640,Upper Lachlan,8550,,,,,,,,,,,,,,,,,,,,,,,,,,,,,,,,,
17650,Uralla,5984,,,,,,,,,,,,,,,,,,,,,,,,,,,,,,,,,
17750,Wagga Wagga,68338,,,,,,,,,,,,,,,,,,,,,,,,,,,,,,,,,
17850,Walcha,3010,,,,,,,,,,,,,,,,,,,,,,,,,,,,,,,,,
17900,Walgett,5515,,,,,,,,,,,,,,,,,,,,,,,,,,,,,,,,,
17950,Warren,2578,,,,,,,,,,,,,,,,,,,,,,,,,,,,,,,,,
18020,Warrumbungle,9245,,,,,,,,,,,,,,,,,,,,,,,,,,,,,,,,,
18050,Waverley,69357,,,,,,,,,,,,,,,,,,,,,,,,,,,,,,,,,
18100,Weddin,3614,,,,,,,,,,,,,,,,,,,,,,,,,,,,,,,,,
18200,Wentworth,7596,,,,,,,,,,,,,,,,,,,,,,,,,,,,,,,,,
18250,Willoughby,75508,,,,,,,,,,,,,,,,,,,,,,,,,,,,,,,,,
18350,Wingecarribee,52795,,,,,,,,,,,,,,,,,,,,,,,,,,,,,,,,,
18400,Wollondilly,55801,,,,,,,,,,,,,,,,,,,,,,,,,,,,,,,,,
18450,Wollongong,216444,,,,,,,,,,,,,,,,,,,,,,,,,,,,,,,,,
18500,Woollahra,53525,,,,,,,,,,,,,,,,,,,,,,,,,,,,,,,,,
18710,Yass Valley,17379,,,,,,,,,,,,,,,,,,,,,,,,,,,,,,,,,
19399,Unincorporated NSW,1000,,,,,,,,,,,,,,,,,,,,,,,,,,,,,,,,,
20110,Alpine,13191,,,,,,,,,,,,,,,,,,,,,,,,,,,,,,,,,
20260,Ararat,11758,,,,,,,,,,,,,,,,,,,,,,,,,,,,,,,,,
20570,Ballarat,116011,,,,,,,,,,,,,,,,,,,,,,,,,,,,,,,,,
20660,Banyule,127427,,,,,,,,,,,,,,,,,,,,,,,,,,,,,,,,,
20740,Bass Coast,41813,,,,,,,,,,,,,,,,,,,,,,,,,,,,,,,,,
20830,Baw Baw,59277,,,,,,,,,,,,,,,,,,,,,,,,,,,,,,,,,
20910,Bayside (Vic.),102241,,,,,,,,,,,,,,,,,,,,,,,,,,,,,,,,,
21010,Benalla,14463,,,,,,,,,,,,,,,,,,,,,,,,,,,,,,,,,
21110,Boroondara,169632,,,,,,,,,,,,,,,,,,,,,,,,,,,,,,,,,
21180,Brimbank,193392,,,,,,,,,,,,,,,,,,,,,,,,,,,,,,,,,
21270,Buloke,6120,,,,,,,,,,,,,,,,,,,,,,,,,,,,,,,,,
21370,Campaspe,38556,,,,,,,,,,,,,,,,,,,,,,,,,,,,,,,,,
21450,Cardinia,123181,,,,,,,,,,,,,,,,,,,,,,,,,,,,,,,,,
21610,Casey,379104,,,,,,,,,,,,,,,,,,,,,,,,,,,,,,,,,
21670,Central Goldfields,13520,,,,,,,,,,,,,,,,,,,,,,,,,,,,,,,,,
21750,Colac Otway,22198,,,,,,,,,,,,,,,,,,,,,,,,,,,,,,,,,
21830,Corangamite,15999,,,,,,,,,,,,,,,,,,,,,,,,,,,,,,,,,
21890,Darebin,150605,,,,,,,,,,,,,,,,,,,,,,,,,,,,,,,,,
22110,East Gippsland,48939,,,,,,,,,,,,,,,,,,,,,,,,,,,,,,,,,
22170,Frankston,141161,,,,,,,,,,,,,,,,,,,,,,,,,,,,,,,,,
22250,Gannawarra,10534,,,,,,,,,,,,,,,,,,,,,,,,,,,,,,,,,
22310,Glen Eira,151824,,,,,,,,,,,,,,,,,,,,,,,,,,,,,,,,,
22410,Glenelg,20049,,,,,,,,,,,,,,,,,,,,,,,,,,,,,,,,,
22490,Golden Plains,25321,,,,,,,,,,,,,,,,,,,,,,,,,,,,,,,,,
22620,Greater Bendigo,122704,,,,,,,,,,,,,,,,,,,,,,,,,,,,,,,,,
22670,Greater Dandenong,159294,,,,,,,,,,,,,,,,,,,,,,,,,,,,,,,,,
22750,Greater Geelong,276601,,,,,,,,,,,,,,,,,,,,,,,,,,,,,,,,,
22830,Greater Shepparton,68964,,,,,,,,,,,,,,,,,,,,,,,,,,,,,,,,,
22910,Hepburn,16573,,,,,,,,,,,,,,,,,,,,,,,,,,,,,,,,,
22980,Hindmarsh,5601,,,,,,,,,,,,,,,,,,,,,,,,,,,,,,,,,
23110,Hobsons Bay,91864,,,,,,,,,,,,,,,,,,,,,,,,,,,,,,,,,
23190,Horsham,20348,,,,,,,,,,,,,,,,,,,,,,,,,,,,,,,,,
23270,Hume,253182,,,,,,,,,,,,,,,,,,,,,,,,,,,,,,,,,
23350,Indigo,17425,,,,,,,,,,,,,,,,,,,,,,,,,,,,,,,,,
23430,Kingston (Vic.),160107,,,,,,,,,,,,,,,,,,,,,,,,,,,,,,,,,
23670,Knox,159549,,,,,,,,,,,,,,,,,,,,,,,,,,,,,,,,,
23810,Latrobe (Vic.),77705,,,,,,,,,,,,,,,,,,,,,,,,,,,,,,,,,
23940,Loddon,7750,,,,,,,,,,,,,,,,,,,,,,,,,,,,,,,,,
24130,Macedon Ranges,52202,,,,,,,,,,,,,,,,,,,,,,,,,,,,,,,,,
24210,Manningham,126570,,,,,,,,,,,,,,,,,,,,,,,,,,,,,,,,,
24250,Mansfield,10338,,,,,,,,,,,,,,,,,,,,,,,,,,,,,,,,,
24330,Maribyrnong,87605,,,,,,,,,,,,,,,,,,,,,,,,,,,,,,,,,
24410,Maroondah,115759,,,,,,,,,,,,,,,,,,,,,,,,,,,,,,,,,
24600,Melbourne,160328,,,,,,,,,,,,,,,,,,,,,,,,,,,,,,,,,
24650,Melton,193285,,,,,,,,,,,,,,,,,,,,,,,,,,,,,,,,,
24700,Merri-bek,174886,,,,,,,,,,,,,,,,,,,,,,,,,,,,,,,,,
24780,Mildura,57250,,,,,,,,,,,,,,,,,,,,,,,,,,,,,,,,,
24850,Mitchell,51682,,,,,,,,,,,,,,,,,,,,,,,,,,,,,,,,,
24900,Moira,30584,,,,,,,,,,,,,,,,,,,,,,,,,,,,,,,,,
24970,Monash,195081,,,,,,,,,,,,,,,,,,,,,,,,,,,,,,,,,
25060,Moonee Valley,123119,,,,,,,,,,,,,,,,,,,,,,,,,,,,,,,,,
25150,Moorabool,38526,,,,,,,,,,,,,,,,,,,,,,,,,,,,,,,,,
25340,Mornington Peninsula,169733,,,,,,,,,,,,,,,,,,,,,,,,,,,,,,,,,
25430,Mount Alexander,20324,,,,,,,,,,,,,,,,,,,,,,,,,,,,,,,,,
25490,Moyne,17478,,,,,,,,,,,,,,,,,,,,,,,,,,,,,,,,,
25620,Murrindindi,15353,,,,,,,,,,,,,,,,,,,,,,,,,,,,,,,,,
25710,Nillumbik,63066,,,,,,,,,,,,,,,,,,,,,,,,,,,,,,,,,
25810,Northern Grampians,11879,,,,,,,,,,,,,,,,,,,,,,,,,,,,,,,,,
25900,Port Phillip,104096,,,,,,,,,,,,,,,,,,,,,,,,,,,,,,,,,
25990,Pyrenees,7653,,,,,,,,,,,,,,,,,,,,,,,,,,,,,,,,,
26080,Queenscliffe,3221,,,,,,,,,,,,,,,,,,,,,,,,,,,,,,,,,
26170,South Gippsland,30708,,,,,,,,,,,,,,,,,,,,,,,,,,,,,,,,,
26260,Southern Grampians,16401,,,,,,,,,,,,,,,,,,,,,,,,,,,,,,,,,
26350,Stonnington,106524,,,,,,,,,,,,,,,,,,,,,,,,,,,,,,,,,
26430,Strathbogie,11515,,,,,,,,,,,,,,,,,,,,,,,,,,,,,,,,,
26490,Surf Coast,38672,,,,,,,,,,,,,,,,,,,,,,,,,,,,,,,,,
26610,Swan Hill,21239,,,,,,,,,,,,,,,,,,,,,,,,,,,,,,,,,
26670,Towong,6198,,,,,,,,,,,,,,,,,,,,,,,,,,,,,,,,,
26700,Wangaratta,29915,,,,,,,,,,,,,,,,,,,,,,,,,,,,,,,,,
26730,Warrnambool,35576,,,,,,,,,,,,,,,,,,,,,,,,,,,,,,,,,
26810,Wellington,45818,,,,,,,,,,,,,,,,,,,,,,,,,,,,,,,,,
26890,West Wimmera,3943,,,,,,,,,,,,,,,,,,,,,,,,,,,,,,,,,
26980,Whitehorse,172607,,,,,,,,,,,,,,,,,,,,,,,,,,,,,,,,,
27070,Whittlesea,237143,,,,,,,,,,,,,,,,,,,,,,,,,,,,,,,,,
27170,Wodonga,43716,,,,,,,,,,,,,,,,,,,,,,,,,,,,,,,,,
27260,Wyndham,309398,,,,,,,,,,,,,,,,,,,,,,,,,,,,,,,,,
27350,Yarra,92392,,,,,,,,,,,,,,,,,,,,,,,,,,,,,,,,,
27450,Yarra Ranges,157467,,,,,,,,,,,,,,,,,,,,,,,,,,,,,,,,,
27630,Yarriambiack,6437,,,,,,,,,,,,,,,,,,,,,,,,,,,,,,,,,
29399,Unincorporated Vic,961,,,,,,,,,,,,,,,,,,,,,,,,,,,,,,,,,
30250,Aurukun,1124,,,,,,,,,,,,,,,,,,,,,,,,,,,,,,,,,
30300,Balonne,4352,,,,,,,,,,,,,,,,,,,,,,,,,,,,,,,,,
30370,Banana,14778,,,,,,,,,,,,,,,,,,,,,,,,,,,,,,,,,
30410,Barcaldine,2864,,,,,,,,,,,,,,,,,,,,,,,,,,,,,,,,,
30450,Barcoo,315,,,,,,,,,,,,,,,,,,,,,,,,,,,,,,,,,
30760,Blackall Tambo,1934,,,,,,,,,,,,,,,,,,,,,,,,,,,,,,,,,
30900,Boulia,474,,,,,,,,,,,,,,,,,,,,,,,,,,,,,,,,,
31000,Brisbane,1283432,,,,,,,,,,,,,,,,,,,,,,,,,,,,,,,,,
31750,Bulloo,343,,,,,,,,,,,,,,,,,,,,,,,,,,,,,,,,,
31820,Bundaberg,102070,,,,,,,,,,,,,,,,,,,,,,,,,,,,,,,,,
31900,Burdekin,16868,,,,,,,,,,,,,,,,,,,,,,,,,,,,,,,,,
31950,Burke,432,,,,,,,,,,,,,,,,,,,,,,,,,,,,,,,,,
32080,Cairns,171985,,,,,,,,,,,,,,,,,,,,,,,,,,,,,,,,,
32250,Carpentaria,2170,,,,,,,,,,,,,,,,,,,,,,,,,,,,,,,,,
32260,Cassowary Coast,29605,,,,,,,,,,,,,,,,,,,,,,,,,,,,,,,,,
32270,Central Highlands (Qld),28530,,,,,,,,,,,,,,,,,,,,,,,,,,,,,,,,,
32310,Charters Towers,11979,,,,,,,,,,,,,,,,,,,,,,,,,,,,,,,,,
32330,Cherbourg,1228,,,,,,,,,,,,,,,,,,,,,,,,,,,,,,,,,
32450,Cloncurry,3788,,,,,,,,,,,,,,,,,,,,,,,,,,,,,,,,,
32500,Cook,4673,,,,,,,,,,,,,,,,,,,,,,,,,,,,,,,,,
32600,Croydon,268,,,,,,,,,,,,,,,,,,,,,,,,,,,,,,,,,
32750,Diamantina,270,,,,,,,,,,,,,,,,,,,,,,,,,,,,,,,,,
32770,Doomadgee,1442,,,,,,,,,,,,,,,,,,,,,,,,,,,,,,,,,
32810,Douglas,12662,,,,,,,,,,,,,,,,,,,,,,,,,,,,,,,,,
33100,Etheridge,720,,,,,,,,,,,,,,,,,,,,,,,,,,,,,,,,,
33200,Flinders (Qld),1534,,,,,,,,,,,,,,,,,,,,,,,,,,,,,,,,,
33220,Fraser Coast,115069,,,,,,,,,,,,,,,,,,,,,,,,,,,,,,,,,
33360,Gladstone,65302,,,,,,,,,,,,,,,,,,,,,,,,,,,,,,,,,
33430,Gold Coast,647178,,,,,,,,,,,,,,,,,,,,,,,,,,,,,,,,,
33610,Goondiwindi,10408,,,,,,,,,,,,,,,,,,,,,,,,,,,,,,,,,
33620,Gympie,55108,,,,,,,,,,,,,,,,,,,,,,,,,,,,,,,,,
33800,Hinchinbrook,11087,,,,,,,,,,,,,,,,,,,,,,,,,,,,,,,,,
33830,Hope Vale,1004,,,,,,,,,,,,,,,,,,,,,,,,,,,,,,,,,
33960,Ipswich,242640,,,,,,,,,,,,,,,,,,,,,,,,,,,,,,,,,
33980,Isaac,22744,,,,,,,,,,,,,,,,,,,,,,,,,,,,,,,,,
34420,Kowanyama,1136,,,,,,,,,,,,,,,,,,,,,,,,,,,,,,,,,
34530,Livingstone,40901,,,,,,,,,,,,,,,,,,,,,,,,,,,,,,,,,
34570,Lockhart River,656,,,,,,,,,,,,,,,,,,,,,,,,,,,,,,,,,
34580,Lockyer Valley,42628,,,,,,,,,,,,,,,,,,,,,,,,,,,,,,,,,
34590,Logan,363059,,,,,,,,,,,,,,,,,,,,,,,,,,,,,,,,,
34710,Longreach,3721,,,,,,,,,,,,,,,,,,,,,,,,,,,,,,,,,
34770,Mackay,124950,,,,,,,,,,,,,,,,,,,,,,,,,,,,,,,,,
34800,McKinlay,846,,,,,,,,,,,,,,,,,,,,,,,,,,,,,,,,,
34830,Mapoon,454,,,,,,,,,,,,,,,,,,,,,,,,,,,,,,,,,
34860,Maranoa,13099,,,,,,,,,,,,,,,,,,,,,,,,,,,,,,,,,
34880,Mareeba,23367,,,,,,,,,,,,,,,,,,,,,,,,,,,,,,,,,
35010,Moreton Bay,496772,,,,,,,,,,,,,,,,,,,,,,,,,,,,,,,,,
35250,Mornington,1065,,,,,,,,,,,,,,,,,,,,,,,,,,,,,,,,,
35300,Mount Isa,19046,,,,,,,,,,,,,,,,,,,,,,,,,,,,,,,,,
35600,Murweh,3960,,,,,,,,,,,,,,,,,,,,,,,,,,,,,,,,,
35670,Napranum,906,,,,,,,,,,,,,,,,,,,,,,,,,,,,,,,,,
35740,Noosa,57336,,,,,,,,,,,,,,,,,,,,,,,,,,,,,,,,,
35760,North Burnett,10216,,,,,,,,,,,,,,,,,,,,,,,,,,,,,,,,,
35780,Northern Peninsula Area,2889,,,,,,,,,,,,,,,,,,,,,,,,,,,,,,,,,
35790,Palm Island,2193,,,,,,,,,,,,,,,,,,,,,,,,,,,,,,,,,
35800,Paroo,1712,,,,,,,,,,,,,,,,,,,,,,,,,,,,,,,,,
36070,Pormpuraaw,637,,,,,,,,,,,,,,,,,,,,,,,,,,,,,,,,,
36150,Quilpie,703,,,,,,,,,,,,,,,,,,,,,,,,,,,,,,,,,
36250,Redland,163729,,,,,,,,,,,,,,,,,,,,,,,,,,,,,,,,,
36300,Richmond,777,,,,,,,,,,,,,,,,,,,,,,,,,,,,,,,,,
36370,Rockhampton,83596,,,,,,,,,,,,,,,,,,,,,,,,,,,,,,,,,
36510,Scenic Rim,44331,,,,,,,,,,,,,,,,,,,,,,,,,,,,,,,,,
36580,Somerset,25711,,,,,,,,,,,,,,,,,,,,,,,,,,,,,,,,,
36630,South Burnett,33783,,,,,,,,,,,,,,,,,,,,,,,,,,,,,,,,,
36660,Southern Downs,36991,,,,,,,,,,,,,,,,,,,,,,,,,,,,,,,,,
36720,Sunshine Coast,355904,,,,,,,,,,,,,,,,,,,,,,,,,,,,,,,,,
36820,Tablelands,26806,,,,,,,,,,,,,,,,,,,,,,,,,,,,,,,,,
36910,Toowoomba,178387,,,,,,,,,,,,,,,,,,,,,,,,,,,,,,,,,
36950,Torres,3517,,,,,,,,,,,,,,,,,,,,,,,,,,,,,,,,,
36960,Torres Strait Island,4285,,,,,,,,,,,,,,,,,,,,,,,,,,,,,,,,,
37010,Townsville,198134,,,,,,,,,,,,,,,,,,,,,,,,,,,,,,,,,
37300,Weipa,4214,,,,,,,,,,,,,,,,,,,,,,,,,,,,,,,,,
37310,Western Downs,34537,,,,,,,,,,,,,,,,,,,,,,,,,,,,,,,,,
37340,Whitsunday,38509,,,,,,,,,,,,,,,,,,,,,,,,,,,,,,,,,
37400,Winton,1134,,,,,,,,,,,,,,,,,,,,,,,,,,,,,,,,,
37550,Woorabinda,1059,,,,,,,,,,,,,,,,,,,,,,,,,,,,,,,,,
37570,Wujal Wujal,286,,,,,,,,,,,,,,,,,,,,,,,,,,,,,,,,,
37600,Yarrabah,2619,,,,,,,,,,,,,,,,,,,,,,,,,,,,,,,,,
40070,Adelaide,26183,,,,,,,,,,,,,,,,,,,,,,,,,,,,,,,,,
40120,Adelaide Hills,41408,,,,,,,,,,,,,,,,,,,,,,,,,,,,,,,,,
40150,Adelaide Plains,10454,,,,,,,,,,,,,,,,,,,,,,,,,,,,,,,,,
40220,Alexandrina,29746,,,,,,,,,,,,,,,,,,,,,,,,,,,,,,,,,
40250,Anangu Pitjantjatjara Yankunytjatjara,2598,,,,,,,,,,,,,,,,,,,,,,,,,,,,,,,,,
40310,Barossa,25866,,,,,,,,,,,,,,,,,,,,,,,,,,,,,,,,,
40430,Barunga West,2672,,,,,,,,,,,,,,,,,,,,,,,,,,,,,,,,,
40520,Berri Barmera,10710,,,,,,,,,,,,,,,,,,,,,,,,,,,,,,,,,
40700,Burnside,46710,,,,,,,,,,,,,,,,,,,,,,,,,,,,,,,,,
40910,Campbelltown (SA),56028,,,,,,,,,,,,,,,,,,,,,,,,,,,,,,,,,
41010,Ceduna,3650,,,,,,,,,,,,,,,,,,,,,,,,,,,,,,,,,
41060,Charles Sturt,124865,,,,,,,,,,,,,,,,,,,,,,,,,,,,,,,,,
41140,Clare and Gilbert Valleys,9381,,,,,,,,,,,,,,,,,,,,,,,,,,,,,,,,,
41190,Cleve,1764,,,,,,,,,,,,,,,,,,,,,,,,,,,,,,,,,
41330,Coober Pedy,1573,,,,,,,,,,,,,,,,,,,,,,,,,,,,,,,,,
41560,Copper Coast,15643,,,,,,,,,,,,,,,,,,,,,,,,,,,,,,,,,
41750,Elliston,1032,,,,,,,,,,,,,,,,,,,,,,,,,,,,,,,,,
41830,Flinders Ranges,1682,,,,,,,,,,,,,,,,,,,,,,,,,,,,,,,,,
41960,Franklin Harbour,1327,,,,,,,,,,,,,,,,,,,,,,,,,,,,,,,,,
42030,Gawler,26114,,,,,,,,,,,,,,,,,,,,,,,,,,,,,,,,,
42110,Goyder,4143,,,,,,,,,,,,,,,,,,,,,,,,,,,,,,,,,
42250,Grant,8926,,,,,,,,,,,,,,,,,,,,,,,,,,,,,,,,,
42600,Holdfast Bay,38056,,,,,,,,,,,,,,,,,,,,,,,,,,,,,,,,,
42750,Kangaroo Island,5088,,,,,,,,,,,,,,,,,,,,,,,,,,,,,,,,,
43080,Karoonda East Murray,1027,,,,,,,,,,,,,,,,,,,,,,,,,,,,,,,,,
43220,Kimba,1059,,,,,,,,,,,,,,,,,,,,,,,,,,,,,,,,,
43360,Kingston (SA),2376,,,,,,,,,,,,,,,,,,,,,,,,,,,,,,,,,
43650,Light,16319,,,,,,,,,,,,,,,,,,,,,,,,,,,,,,,,,
43710,Lower Eyre Peninsula,6097,,,,,,,,,,,,,,,,,,,,,,,,,,,,,,,,,
43790,Loxton Waikerie,11923,,,,,,,,,,,,,,,,,,,,,,,,,,,,,,,,,
44000,Maralinga Tjarutja,102,,,,,,,,,,,,,,,,,,,,,,,,,,,,,,,,,
44060,Marion,96667,,,,,,,,,,,,,,,,,,,,,,,,,,,,,,,,,
44210,Mid Murray,9415,,,,,,,,,,,,,,,,,,,,,,,,,,,,,,,,,
44340,Mitcham,68370,,,,,,,,,,,,,,,,,,,,,,,,,,,,,,,,,
44550,Mount Barker,41083,,,,,,,,,,,,,,,,,,,,,,,,,,,,,,,,,
44620,Mount Gambier,27744,,,,,,,,,,,,,,,,,,,,,,,,,,,,,,,,,
44830,Mount Remarkable,2911,,,,,,,,,,,,,,,,,,,,,,,,,,,,,,,,,
45040,Murray Bridge,22538,,,,,,,,,,,,,,,,,,,,,,,,,,,,,,,,,
45090,Naracoorte Lucindale,8918,,,,,,,,,,,,,,,,,,,,,,,,,,,,,,,,,
45120,Northern Areas,4662,,,,,,,,,,,,,,,,,,,,,,,,,,,,,,,,,
45290,Norwood Payneham and St Peters,38019,,,,,,,,,,,,,,,,,,,,,,,,,,,,,,,,,
45340,Onkaparinga,178526,,,,,,,,,,,,,,,,,,,,,,,,,,,,,,,,,
45400,Orroroo Carrieton,890,,,,,,,,,,,,,,,,,,,,,,,,,,,,,,,,,
45540,Peterborough,1672,,,,,,,,,,,,,,,,,,,,,,,,,,,,,,,,,
45680,Playford,103401,,,,,,,,,,,,,,,,,,,,,,,,,,,,,,,,,
45890,Port Adelaide Enfield,135822,,,,,,,,,,,,,,,,,,,,,,,,,,,,,,,,,
46090,Port Augusta,14449,,,,,,,,,,,,,,,,,,,,,,,,,,,,,,,,,
46300,Port Lincoln,14953,,,,,,,,,,,,,,,,,,,,,,,,,,,,,,,,,
46450,Port Pirie,17616,,,,,,,,,,,,,,,,,,,,,,,,,,,,,,,,,
46510,Prospect,22750,,,,,,,,,,,,,,,,,,,,,,,,,,,,,,,,,
46670,Renmark Paringa,10036,,,,,,,,,,,,,,,,,,,,,,,,,,,,,,,,,
46860,Robe,1588,,,,,,,,,,,,,,,,,,,,,,,,,,,,,,,,,
46970,Roxby Downs,4103,,,,,,,,,,,,,,,,,,,,,,,,,,,,,,,,,
47140,Salisbury,147940,,,,,,,,,,,,,,,,,,,,,,,,,,,,,,,,,
47290,Southern Mallee,2010,,,,,,,,,,,,,,,,,,,,,,,,,,,,,,,,,
47490,Streaky Bay,2257,,,,,,,,,,,,,,,,,,,,,,,,,,,,,,,,,
47630,Tatiara,7037,,,,,,,,,,,,,,,,,,,,,,,,,,,,,,,,,
47700,Tea Tree Gully,102610,,,,,,,,,,,,,,,,,,,,,,,,,,,,,,,,,
47800,Coorong,5574,,,,,,,,,,,,,,,,,,,,,,,,,,,,,,,,,
47910,Tumby Bay,2892,,,,,,,,,,,,,,,,,,,,,,,,,,,,,,,,,
47980,Unley,39092,,,,,,,,,,,,,,,,,,,,,,,,,,,,,,,,,
48050,Victor Harbor,16721,,,,,,,,,,,,,,,,,,,,,,,,,,,,,,,,,
48130,Wakefield,6969,,,,,,,,,,,,,,,,,,,,,,,,,,,,,,,,,
48260,Walkerville,8185,,,,,,,,,,,,,,,,,,,,,,,,,,,,,,,,,
48340,Wattle Range,12178,,,,,,,,,,,,,,,,,,,,,,,,,,,,,,,,,
48410,West Torrens,63115,,,,,,,,,,,,,,,,,,,,,,,,,,,,,,,,,
48540,Whyalla,21887,,,,,,,,,,,,,,,,,,,,,,,,,,,,,,,,,
48640,Wudinna,1162,,,,,,,,,,,,,,,,,,,,,,,,,,,,,,,,,
48750,Yankalilla,5991,,,,,,,,,,,,,,,,,,,,,,,,,,,,,,,,,
48830,Yorke Peninsula,11916,,,,,,,,,,,,,,,,,,,,,,,,,,,,,,,,,
49399,Unincorporated SA,3024,,,,,,,,,,,,,,,,,,,,,,,,,,,,,,,,,
50080,Albany,40434,,,,,,,,,,,,,,,,,,,,,,,,,,,,,,,,,
50210,Armadale,100849,,,,,,,,,,,,,,,,,,,,,,,,,,,,,,,,,
50250,Ashburton,7843,,,,,,,,,,,,,,,,,,,,,,,,,,,,,,,,,
50280,Augusta Margaret River,17917,,,,,,,,,,,,,,,,,,,,,,,,,,,,,,,,,
50350,Bassendean,16612,,,,,,,,,,,,,,,,,,,,,,,,,,,,,,,,,
50420,Bayswater,72242,,,,,,,,,,,,,,,,,,,,,,,,,,,,,,,,,
50490,Belmont,44364,,,,,,,,,,,,,,,,,,,,,,,,,,,,,,,,,
50560,Beverley,1738,,,,,,,,,,,,,,,,,,,,,,,,,,,,,,,,,
50630,Boddington,1758,,,,,,,,,,,,,,,,,,,,,,,,,,,,,,,,,
50770,Boyup Brook,1938,,,,,,,,,,,,,,,,,,,,,,,,,,,,,,,,,
50840,Bridgetown-Greenbushes,5527,,,,,,,,,,,,,,,,,,,,,,,,,,,,,,,,,
50910,Brookton,954,,,,,,,,,,,,,,,,,,,,,,,,,,,,,,,,,
50980,Broome,18368,,,,,,,,,,,,,,,,,,,,,,,,,,,,,,,,,
51080,Broomehill-Tambellup,1087,,,,,,,,,,,,,,,,,,,,,,,,,,,,,,,,,
51120,Bruce Rock,1020,,,,,,,,,,,,,,,,,,,,,,,,,,,,,,,,,
51190,Bunbury,34417,,,,,,,,,,,,,,,,,,,,,,,,,,,,,,,,,
51260,Busselton,42931,,,,,,,,,,,,,,,,,,,,,,,,,,,,,,,,,
51310,Cambridge,30160,,,,,,,,,,,,,,,,,,,,,,,,,,,,,,,,,
51330,Canning,99764,,,,,,,,,,,,,,,,,,,,,,,,,,,,,,,,,
51400,Capel,19012,,,,,,,,,,,,,,,,,,,,,,,,,,,,,,,,,
51470,Carnamah,572,,,,,,,,,,,,,,,,,,,,,,,,,,,,,,,,,
51540,Carnarvon,5522,,,,,,,,,,,,,,,,,,,,,,,,,,,,,,,,,
51610,Chapman Valley,1636,,,,,,,,,,,,,,,,,,,,,,,,,,,,,,,,,
51680,Chittering,6298,,,,,,,,,,,,,,,,,,,,,,,,,,,,,,,,,
51710,Christmas Island,1786,,,,,,,,,,,,,,,,,,,,,,,,,,,,,,,,,
51750,Claremont,11735,,,,,,,,,,,,,,,,,,,,,,,,,,,,,,,,,
51820,Cockburn,125232,,,,,,,,,,,,,,,,,,,,,,,,,,,,,,,,,
51860,Cocos Islands,616,,,,,,,,,,,,,,,,,,,,,,,,,,,,,,,,,
51890,Collie,9153,,,,,,,,,,,,,,,,,,,,,,,,,,,,,,,,,
51960,Coolgardie,3638,,,,,,,,,,,,,,,,,,,,,,,,,,,,,,,,,
52030,Coorow,1092,,,,,,,,,,,,,,,,,,,,,,,,,,,,,,,,,
52100,Corrigin,1023,,,,,,,,,,,,,,,,,,,,,,,,,,,,,,,,,
52170,Cottesloe,8322,,,,,,,,,,,,,,,,,,,,,,,,,,,,,,,,,
52240,Cranbrook,1141,,,,,,,,,,,,,,,,,,,,,,,,,,,,,,,,,
52310,Cuballing,929,,,,,,,,,,,,,,,,,,,,,,,,,,,,,,,,,
52380,Cue,230,,,,,,,,,,,,,,,,,,,,,,,,,,,,,,,,,
52450,Cunderdin,1345,,,,,,,,,,,,,,,,,,,,,,,,,,,,,,,,,
52520,Dalwallinu,1429,,,,,,,,,,,,,,,,,,,,,,,,,,,,,,,,,
52590,Dandaragan,3577,,,,,,,,,,,,,,,,,,,,,,,,,,,,,,,,,
52660,Dardanup,15376,,,,,,,,,,,,,,,,,,,,,,,,,,,,,,,,,
52730,Denmark,6539,,,,,,,,,,,,,,,,,,,,,,,,,,,,,,,,,
52800,Derby-West Kimberley,8410,,,,,,,,,,,,,,,,,,,,,,,,,,,,,,,,,
52870,Donnybrook-Balingup,6401,,,,,,,,,,,,,,,,,,,,,,,,,,,,,,,,,
52940,Dowerin,733,,,,,,,,,,,,,,,,,,,,,,,,,,,,,,,,,
53010,Dumbleyung,693,,,,,,,,,,,,,,,,,,,,,,,,,,,,,,,,,
53080,Dundas,695,,,,,,,,,,,,,,,,,,,,,,,,,,,,,,,,,
53150,East Fremantle,8071,,,,,,,,,,,,,,,,,,,,,,,,,,,,,,,,,
53220,East Pilbara,10311,,,,,,,,,,,,,,,,,,,,,,,,,,,,,,,,,
53290,Esperance,14501,,,,,,,,,,,,,,,,,,,,,,,,,,,,,,,,,
53360,Exmouth,3315,,,,,,,,,,,,,,,,,,,,,,,,,,,,,,,,,
53430,Fremantle,33788,,,,,,,,,,,,,,,,,,,,,,,,,,,,,,,,,
53570,Gingin,5896,,,,,,,,,,,,,,,,,,,,,,,,,,,,,,,,,
53640,Gnowangerup,1264,,,,,,,,,,,,,,,,,,,,,,,,,,,,,,,,,
53710,Goomalling,984,,,,,,,,,,,,,,,,,,,,,,,,,,,,,,,,,
53780,Gosnells,133064,,,,,,,,,,,,,,,,,,,,,,,,,,,,,,,,,
53800,Greater Geraldton,41515,,,,,,,,,,,,,,,,,,,,,,,,,,,,,,,,,
53920,Halls Creek,4113,,,,,,,,,,,,,,,,,,,,,,,,,,,,,,,,,
53990,Harvey,30165,,,,,,,,,,,,,,,,,,,,,,,,,,,,,,,,,
54060,Irwin,3795,,,,,,,,,,,,,,,,,,,,,,,,,,,,,,,,,
54130,Jerramungup,1196,,,,,,,,,,,,,,,,,,,,,,,,,,,,,,,,,
54170,Joondalup,165649,,,,,,,,,,,,,,,,,,,,,,,,,,,,,,,,,
54200,Kalamunda,61294,,,,,,,,,,,,,,,,,,,,,,,,,,,,,,,,,
54280,Kalgoorlie-Boulder,30756,,,,,,,,,,,,,,,,,,,,,,,,,,,,,,,,,
54310,Karratha,23809,,,,,,,,,,,,,,,,,,,,,,,,,,,,,,,,,
54340,Katanning,4237,,,,,,,,,,,,,,,,,,,,,,,,,,,,,,,,,
54410,Kellerberrin,1180,,,,,,,,,,,,,,,,,,,,,,,,,,,,,,,,,
54480,Kent,510,,,,,,,,,,,,,,,,,,,,,,,,,,,,,,,,,
54550,Kojonup,1976,,,,,,,,,,,,,,,,,,,,,,,,,,,,,,,,,
54620,Kondinin,866,,,,,,,,,,,,,,,,,,,,,,,,,,,,,,,,,
54690,Koorda,374,,,,,,,,,,,,,,,,,,,,,,,,,,,,,,,,,
54760,Kulin,783,,,,,,,,,,,,,,,,,,,,,,,,,,,,,,,,,
54830,Kwinana,49542,,,,,,,,,,,,,,,,,,,,,,,,,,,,,,,,,
54900,Lake Grace,1290,,,,,,,,,,,,,,,,,,,,,,,,,,,,,,,,,
54970,Laverton,1434,,,,,,,,,,,,,,,,,,,,,,,,,,,,,,,,,
55040,Leonora,1723,,,,,,,,,,,,,,,,,,,,,,,,,,,,,,,,,
55110,Mandurah,95622,,,,,,,,,,,,,,,,,,,,,,,,,,,,,,,,,
55180,Manjimup,9412,,,,,,,,,,,,,,,,,,,,,,,,,,,,,,,,,
55250,Meekatharra,1295,,,,,,,,,,,,,,,,,,,,,,,,,,,,,,,,,
55320,Melville,107433,,,,,,,,,,,,,,,,,,,,,,,,,,,,,,,,,
55390,Menzies,571,,,,,,,,,,,,,,,,,,,,,,,,,,,,,,,,,
55460,Merredin,3235,,,,,,,,,,,,,,,,,,,,,,,,,,,,,,,,,
55530,Mingenew,423,,,,,,,,,,,,,,,,,,,,,,,,,,,,,,,,,
55600,Moora,2378,,,,,,,,,,,,,,,,,,,,,,,,,,,,,,,,,
55670,Morawa,669,,,,,,,,,,,,,,,,,,,,,,,,,,,,,,,,,
55740,Mosman Park,9621,,,,,,,,,,,,,,,,,,,,,,,,,,,,,,,,,
55810,Mount Magnet,701,,,,,,,,,,,,,,,,,,,,,,,,,,,,,,,,,
55880,Mount Marshall,463,,,,,,,,,,,,,,,,,,,,,,,,,,,,,,,,,
55950,Mukinbudin,587,,,,,,,,,,,,,,,,,,,,,,,,,,,,,,,,,
56090,Mundaring,40517,,,,,,,,,,,,,,,,,,,,,,,,,,,,,,,,,
56160,Murchison,108,,,,,,,,,,,,,,,,,,,,,,,,,,,,,,,,,
56230,Murray,19116,,,,,,,,,,,,,,,,,,,,,,,,,,,,,,,,,
56300,Nannup,1593,,,,,,,,,,,,,,,,,,,,,,,,,,,,,,,,,
56370,Narembeen,822,,,,,,,,,,,,,,,,,,,,,,,,,,,,,,,,,
56460,Narrogin,4959,,,,,,,,,,,,,,,,,,,,,,,,,,,,,,,,,
56580,Nedlands,23018,,,,,,,,,,,,,,,,,,,,,,,,,,,,,,,,,
56620,Ngaanyatjarraku,1478,,,,,,,,,,,,,,,,,,,,,,,,,,,,,,,,,
56730,Northam,11938,,,,,,,,,,,,,,,,,,,,,,,,,,,,,,,,,
56790,Northampton,3343,,,,,,,,,,,,,,,,,,,,,,,,,,,,,,,,,
56860,Nungarin,261,,,,,,,,,,,,,,,,,,,,,,,,,,,,,,,,,
56930,Peppermint Grove,1638,,,,,,,,,,,,,,,,,,,,,,,,,,,,,,,,,
57000,Perenjori,652,,,,,,,,,,,,,,,,,,,,,,,,,,,,,,,,,
57080,Perth,30580,,,,,,,,,,,,,,,,,,,,,,,,,,,,,,,,,
57140,Pingelly,1068,,,,,,,,,,,,,,,,,,,,,,,,,,,,,,,,,
57210,Plantagenet,5587,,,,,,,,,,,,,,,,,,,,,,,,,,,,,,,,,
57280,Port Hedland,17031,,,,,,,,,,,,,,,,,,,,,,,,,,,,,,,,,
57350,Quairading,983,,,,,,,,,,,,,,,,,,,,,,,,,,,,,,,,,
57420,Ravensthorpe,2202,,,,,,,,,,,,,,,,,,,,,,,,,,,,,,,,,
57490,Rockingham,143754,,,,,,,,,,,,,,,,,,,,,,,,,,,,,,,,,
57630,Sandstone,119,,,,,,,,,,,,,,,,,,,,,,,,,,,,,,,,,
57700,Serpentine-Jarrahdale,34795,,,,,,,,,,,,,,,,,,,,,,,,,,,,,,,,,
57770,Shark Bay,1082,,,,,,,,,,,,,,,,,,,,,,,,,,,,,,,,,
57840,South Perth,45201,,,,,,,,,,,,,,,,,,,,,,,,,,,,,,,,,
57910,Stirling,236262,,,,,,,,,,,,,,,,,,,,,,,,,,,,,,,,,
57980,Subiaco,18008,,,,,,,,,,,,,,,,,,,,,,,,,,,,,,,,,
58050,Swan,163948,,,,,,,,,,,,,,,,,,,,,,,,,,,,,,,,,
58190,Tammin,403,,,,,,,,,,,,,,,,,,,,,,,,,,,,,,,,,
58260,Three Springs,587,,,,,,,,,,,,,,,,,,,,,,,,,,,,,,,,,
58330,Toodyay,4814,,,,,,,,,,,,,,,,,,,,,,,,,,,,,,,,,
58400,Trayning,304,,,,,,,,,,,,,,,,,,,,,,,,,,,,,,,,,
58470,Upper Gascoyne,188,,,,,,,,,,,,,,,,,,,,,,,,,,,,,,,,,
58510,Victoria Park,38756,,,,,,,,,,,,,,,,,,,,,,,,,,,,,,,,,
58540,Victoria Plains,824,,,,,,,,,,,,,,,,,,,,,,,,,,,,,,,,,
58570,Vincent,38504,,,,,,,,,,,,,,,,,,,,,,,,,,,,,,,,,
58610,Wagin,1809,,,,,,,,,,,,,,,,,,,,,,,,,,,,,,,,,
58680,Wandering,548,,,,,,,,,,,,,,,,,,,,,,,,,,,,,,,,,
58760,Wanneroo,221257,,,,,,,,,,,,,,,,,,,,,,,,,,,,,,,,,
58820,Waroona,4401,,,,,,,,,,,,,,,,,,,,,,,,,,,,,,,,,
58890,West Arthur,797,,,,,,,,,,,,,,,,,,,,,,,,,,,,,,,,,
59030,Westonia,252,,,,,,,,,,,,,,,,,,,,,,,,,,,,,,,,,
59100,Wickepin,706,,,,,,,,,,,,,,,,,,,,,,,,,,,,,,,,,
59170,Williams,1053,,,,,,,,,,,,,,,,,,,,,,,,,,,,,,,,,
59250,Wiluna,572,,,,,,,,,,,,,,,,,,,,,,,,,,,,,,,,,
59310,Wongan-Ballidu,1340,,,,,,,,,,,,,,,,,,,,,,,,,,,,,,,,,
59320,Woodanilling,470,,,,,,,,,,,,,,,,,,,,,,,,,,,,,,,,,
59330,Wyalkatchem,485,,,,,,,,,,,,,,,,,,,,,,,,,,,,,,,,,
59340,Wyndham-East Kimberley,8064,,,,,,,,,,,,,,,,,,,,,,,,,,,,,,,,,
59350,Yalgoo,365,,,,,,,,,,,,,,,,,,,,,,,,,,,,,,,,,
59360,Yilgarn,1198,,,,,,,,,,,,,,,,,,,,,,,,,,,,,,,,,
59370,York,3567,,,,,,,,,,,,,,,,,,,,,,,,,,,,,,,,,
60210,Break O`Day,7010,,,,,,,,,,,,,,,,,,,,,,,,,,,,,,,,,
60410,Brighton,19688,,,,,,,,,,,,,,,,,,,,,,,,,,,,,,,,,
60610,Burnie,20470,,,,,,,,,,,,,,,,,,,,,,,,,,,,,,,,,
60810,Central Coast (Tas.),23342,,,,,,,,,,,,,,,,,,,,,,,,,,,,,,,,,
61010,Central Highlands (Tas.),2586,,,,,,,,,,,,,,,,,,,,,,,,,,,,,,,,,
61210,Circular Head,8368,,,,,,,,,,,,,,,,,,,,,,,,,,,,,,,,,
61410,Clarence,63084,,,,,,,,,,,,,,,,,,,,,,,,,,,,,,,,,
61510,Derwent Valley,11235,,,,,,,,,,,,,,,,,,,,,,,,,,,,,,,,,
61610,Devonport,26935,,,,,,,,,,,,,,,,,,,,,,,,,,,,,,,,,
61810,Dorset,7022,,,,,,,,,,,,,,,,,,,,,,,,,,,,,,,,,
62010,Flinders (Tas.),931,,,,,,,,,,,,,,,,,,,,,,,,,,,,,,,,,
62210,George Town,7267,,,,,,,,,,,,,,,,,,,,,,,,,,,,,,,,,
62410,Glamorgan-Spring Bay,5188,,,,,,,,,,,,,,,,,,,,,,,,,,,,,,,,,
62610,Glenorchy,51012,,,,,,,,,,,,,,,,,,,,,,,,,,,,,,,,,
62810,Hobart,56018,,,,,,,,,,,,,,,,,,,,,,,,,,,,,,,,,
63010,Huon Valley,19215,,,,,,,,,,,,,,,,,,,,,,,,,,,,,,,,,
63210,Kentish,6805,,,,,,,,,,,,,,,,,,,,,,,,,,,,,,,,,
63410,King Island,1675,,,,,,,,,,,,,,,,,,,,,,,,,,,,,,,,,
63610,Kingborough,40937,,,,,,,,,,,,,,,,,,,,,,,,,,,,,,,,,
63810,Latrobe (Tas.),12921,,,,,,,,,,,,,,,,,,,,,,,,,,,,,,,,,
64010,Launceston,71889,,,,,,,,,,,,,,,,,,,,,,,,,,,,,,,,,
64210,Meander Valley,21354,,,,,,,,,,,,,,,,,,,,,,,,,,,,,,,,,
64610,Northern Midlands,14137,,,,,,,,,,,,,,,,,,,,,,,,,,,,,,,,,
64810,Sorell,17429,,,,,,,,,,,,,,,,,,,,,,,,,,,,,,,,,
65010,Southern Midlands,6887,,,,,,,,,,,,,,,,,,,,,,,,,,,,,,,,,
65210,Tasman,2676,,,,,,,,,,,,,,,,,,,,,,,,,,,,,,,,,
65410,Waratah-Wynyard,14688,,,,,,,,,,,,,,,,,,,,,,,,,,,,,,,,,
65610,West Coast,4351,,,,,,,,,,,,,,,,,,,,,,,,,,,,,,,,,
65810,West Tamar,25931,,,,,,,,,,,,,,,,,,,,,,,,,,,,,,,,,
70200,Alice Springs,28859,,,,,,,,,,,,,,,,,,,,,,,,,,,,,,,,,
70420,Barkly,7212,,,,,,,,,,,,,,,,,,,,,,,,,,,,,,,,,
70540,Belyuen,165,,,,,,,,,,,,,,,,,,,,,,,,,,,,,,,,,
70620,Central Desert,4105,,,,,,,,,,,,,,,,,,,,,,,,,,,,,,,,,
70700,Coomalie,1396,,,,,,,,,,,,,,,,,,,,,,,,,,,,,,,,,
71000,Darwin,84877,,,,,,,,,,,,,,,,,,,,,,,,,,,,,,,,,
71150,Darwin Waterfront Precinct,289,,,,,,,,,,,,,,,,,,,,,,,,,,,,,,,,,
71300,East Arnhem,10108,,,,,,,,,,,,,,,,,,,,,,,,,,,,,,,,,
72200,Katherine,10834,,,,,,,,,,,,,,,,,,,,,,,,,,,,,,,,,
72300,Litchfield,23083,,,,,,,,,,,,,,,,,,,,,,,,,,,,,,,,,
72330,MacDonnell,6627,,,,,,,,,,,,,,,,,,,,,,,,,,,,,,,,,
72800,Palmerston,40467,,,,,,,,,,,,,,,,,,,,,,,,,,,,,,,,,
73600,Roper Gulf,7475,,,,,,,,,,,,,,,,,,,,,,,,,,,,,,,,,
74050,Tiwi Islands,2743,,,,,,,,,,,,,,,,,,,,,,,,,,,,,,,,,
74550,Victoria Daly,3262,,,,,,,,,,,,,,,,,,,,,,,,,,,,,,,,,
74560,Wagait,463,,,,,,,,,,,,,,,,,,,,,,,,,,,,,,,,,
74660,West Arnhem,7258,,,,,,,,,,,,,,,,,,,,,,,,,,,,,,,,,
74680,West Daly,3434,,,,,,,,,,,,,,,,,,,,,,,,,,,,,,,,,
79399,Unincorporated NT,7571,,,,,,,,,,,,,,,,,,,,,,,,,,,,,,,,,
89399,Unincorporated ACT,456915,,,,,,,,,,,,,,,,,,,,,,,,,,,,,,,,,
99399,Unincorp. Other Territories,2518,,,,,,,,,,,,,,,,,,,,,,,,,,,,,,,,,
,,,,,,,,,,,,,,,,,,,,,,,,,,,,,,,,,,,
(a) Based on 2024 LGA boundaries,,,,,,,,,,,,,,,,,,,,,,,,,,,,,,,,,,,
© Commonwealth of Australia,,,,,,,,,,,,,,,,,,,,,,,,,,,,,,,,,,,